company,fy,doc_type,vch_type,vch_no,vch_date,party,sr_no,item,description,qty,rate,amount,cgst,sgst,igst,gst_rate,vch_total,search_text
REF,2015-16,Sales Invoice,9,1451,04/04/15,SPEEDWAYS RUBBER CO.,1,ELECTRICAL WIRE ROPE HOIST CAP.1 TON,,1.0,83000.0,83000.0,0.0,0.0,0.0,0.0,88022.0,SPEEDWAYS RUBBER CO. ELECTRICAL WIRE ROPE HOIST CAP.1 TON
REF,2015-16,Purchase Bill,2,3303,04/01/15,SHREE KRISHANA STEEL TRADERS,1,H.R.SHEET,,695.0,44.5007,30928.0,0.0,0.0,0.0,0.0,37841.0,SHREE KRISHANA STEEL TRADERS H.R.SHEET
REF,2015-16,Purchase Bill,2,3303,04/01/15,SHREE KRISHANA STEEL TRADERS,2,H.R.SHEET,,90.5,54.4972,4932.0,0.0,0.0,0.0,0.0,37841.0,SHREE KRISHANA STEEL TRADERS H.R.SHEET
REF,2015-16,Purchase Bill,2,3,04/01/15,JUNEJA IRON STORE,1,BARS,,1060.0,40.5,42930.0,0.0,0.0,0.0,0.0,45010.0,JUNEJA IRON STORE BARS
REF,2015-16,Purchase Bill,2,2505,04/02/15,"SHIVA ENGINEERING CO,",1,MOTOR 3 HP 960 RPM,,1.0,9195.0,9195.0,0.0,0.0,0.0,0.0,10510.0,"SHIVA ENGINEERING CO, MOTOR 3 HP 960 RPM"
REF,2015-16,Purchase Bill,2,2506,04/02/15,"SHIVA ENGINEERING CO,",1,GEAR BOX U 400,,1.0,30120.0,30120.0,0.0,0.0,0.0,0.0,31943.0,"SHIVA ENGINEERING CO, GEAR BOX U 400"
REF,2015-16,Purchase Bill,2,620,04/04/15,SAKSHI STEEL TRADERS,1,IRON & STEEL,,13.36,48.7275,651.0,0.0,0.0,0.0,0.0,676.0,SAKSHI STEEL TRADERS IRON & STEEL
REF,2015-16,Sales Invoice,9,1452,04/13/15,KULAR RIMS INDIA,1,AXLE FOR CONVEYOR,,100.0,15.0,1500.0,0.0,0.0,0.0,0.0,3182.0,KULAR RIMS INDIA AXLE FOR CONVEYOR
REF,2015-16,Sales Invoice,9,253,04/25/15,RIGHT SEEDS PVT. LTD,1,BELT CONVEYOR COMPLETE SET,,0.0,0.0,29000.0,0.0,0.0,0.0,0.0,30755.0,RIGHT SEEDS PVT. LTD BELT CONVEYOR COMPLETE SET
REF,2015-16,Sales Invoice,9,1455,05/13/15,TATA INTERNATIONAL LIMITED,1,MTB CONVEYOR,,0.0,0.0,605210.0,0.0,0.0,0.0,0.0,643825.0,TATA INTERNATIONAL LIMITED MTB CONVEYOR
REF,2015-16,Sales Invoice,9,1462,06/09/15,KULAR RIMS INDIA,1,CONVEYOR SPARE PARTS,,50.0,50.0,2500.0,0.0,0.0,0.0,0.0,3924.0,KULAR RIMS INDIA CONVEYOR SPARE PARTS
REF,2015-16,Sales Invoice,9,1462,06/09/15,KULAR RIMS INDIA,2,AXLE FOR CONVEYOR,,50.0,12.0,600.0,0.0,0.0,0.0,0.0,3924.0,KULAR RIMS INDIA AXLE FOR CONVEYOR
REF,2015-16,Sales Invoice,9,1462,06/09/15,KULAR RIMS INDIA,3,CONVEYOR SPARE PARTS,,50.0,12.0,600.0,0.0,0.0,0.0,0.0,3924.0,KULAR RIMS INDIA CONVEYOR SPARE PARTS
REF,2015-16,Sales Invoice,9,1463,06/26/15,PARAMOUNT IMPEX,1,CONVEYOR SPARE PARTS,,0.0,0.0,13225.0,0.0,0.0,0.0,0.0,14025.0,PARAMOUNT IMPEX CONVEYOR SPARE PARTS
REF,2015-16,Sales Invoice,9,1464,06/26/15,PARAMOUNT IMPEX,1,CONVEYOR SPARE PARTS,,0.0,0.0,7275.0,0.0,0.0,0.0,0.0,7275.0,PARAMOUNT IMPEX CONVEYOR SPARE PARTS
REF,2015-16,Sales Invoice,9,1465,06/30/15,HERO ECO TECH LTD.,1,SLOT CONVEYOR,,0.0,0.0,201600.0,0.0,0.0,0.0,0.0,222811.0,HERO ECO TECH LTD. SLOT CONVEYOR
REF,2015-16,Sales Invoice,9,1465,06/30/15,HERO ECO TECH LTD.,2,CONVEYOR SPARE PARTS,,0.0,0.0,8500.0,0.0,0.0,0.0,0.0,222811.0,HERO ECO TECH LTD. CONVEYOR SPARE PARTS
REF,2015-16,Sales Invoice,9,1456,05/13/15,COMPAC TRCHNOLOGIES INDIA LTD.,1,CONVEYOR SPARE PARTS,,0.0,0.0,75000.0,0.0,0.0,0.0,0.0,79538.0,COMPAC TRCHNOLOGIES INDIA LTD. CONVEYOR SPARE PARTS
REF,2015-16,Sales Invoice,9,1458,05/19/15,SURAJ CYCLES (P) LTD.,1,CONVEYOR SPARE PARTS,,0.0,0.0,14000.0,0.0,0.0,0.0,0.0,14000.0,SURAJ CYCLES (P) LTD. CONVEYOR SPARE PARTS
REF,2015-16,Sales Invoice,9,1460,06/06/15,AVON ISPAT & POWER LIMITED,1,FOUR WHEEL TYPE OVERHEAD CONVEYOR,,0.0,0.0,460000.0,0.0,0.0,0.0,0.0,731745.0,AVON ISPAT & POWER LIMITED FOUR WHEEL TYPE OVERHEAD CONVEYOR
REF,2015-16,Sales Invoice,9,1460,06/06/15,AVON ISPAT & POWER LIMITED,2,DURM UNIT COMPLETE,,0.0,0.0,230000.0,0.0,0.0,0.0,0.0,731745.0,AVON ISPAT & POWER LIMITED DURM UNIT COMPLETE
REF,2015-16,Sales Invoice,9,1461,06/06/15,ADITYA RAGH INDUSTRIES,1,CONVEYOR SPARE PARTS,,0.0,0.0,3500.0,0.0,0.0,0.0,0.0,8712.0,ADITYA RAGH INDUSTRIES CONVEYOR SPARE PARTS
REF,2015-16,Sales Invoice,9,1457,05/19/15,SURAJ CYCLES (P) LTD.,1,CONVEYOR SPARE PARTS,,0.0,0.0,11900.0,0.0,0.0,0.0,0.0,12620.0,SURAJ CYCLES (P) LTD. CONVEYOR SPARE PARTS
REF,2015-16,Sales Invoice,9,1459,06/01/15,KULAR RIMS INDIA,1,CONVEYOR SPARE PARTS,,0.0,0.0,3250.0,0.0,0.0,0.0,0.0,3447.0,KULAR RIMS INDIA CONVEYOR SPARE PARTS
REF,2015-16,Sales Invoice,9,1466,07/03/15,AKAL SPRING LTD.,1,CONVEYOR SPARE PARTS,,0.0,0.0,12620.0,0.0,0.0,0.0,0.0,13384.0,AKAL SPRING LTD. CONVEYOR SPARE PARTS
REF,2015-16,Sales Invoice,9,1468,07/05/15,ZENITH COATERS,1,MAINTENCE CHARGES,,0.0,0.0,3000.0,0.0,0.0,0.0,0.0,3000.0,ZENITH COATERS MAINTENCE CHARGES
REF,2015-16,Sales Invoice,9,1469,07/13/15,SPEEDWAYS RUBBER CO.,1,CHAIN BULLOCL CAP.5 TON,,0.0,0.0,21000.0,0.0,0.0,0.0,0.0,22271.0,SPEEDWAYS RUBBER CO. CHAIN BULLOCL CAP.5 TON
REF,2015-16,Sales Invoice,9,1470,07/15/15,HERO ECO TECH LTD.,1,MAINTENCE CHARGES,,0.0,0.0,10000.0,0.0,0.0,0.0,0.0,10000.0,HERO ECO TECH LTD. MAINTENCE CHARGES
REF,2015-16,Sales Invoice,9,1471,08/03/15,KULAR RIMS INDIA,1,CONVEYOR SPARE PARTS,,0.0,0.0,9800.0,0.0,0.0,0.0,0.0,11393.0,KULAR RIMS INDIA CONVEYOR SPARE PARTS
REF,2015-16,Sales Invoice,9,1472,08/27/15,SPEEDWAYS RUBBER CO.,1,MANNUAL CHAIN BLOCK CAP.3 TON,,0.0,0.0,7500.0,0.0,0.0,0.0,0.0,9863.0,SPEEDWAYS RUBBER CO. MANNUAL CHAIN BLOCK CAP.3 TON
REF,2015-16,Sales Invoice,9,1472,08/27/15,SPEEDWAYS RUBBER CO.,2,CONVEYOR SPARE PARTS,,0.0,0.0,1800.0,0.0,0.0,0.0,0.0,9863.0,SPEEDWAYS RUBBER CO. CONVEYOR SPARE PARTS
REF,2015-16,Sales Invoice,9,1473,08/27/15,GOVIND INDUSTRIES UNIT 2,1,CONVEYOR SPARE PARTS,,0.0,0.0,25000.0,0.0,0.0,0.0,0.0,26813.0,GOVIND INDUSTRIES UNIT 2 CONVEYOR SPARE PARTS
REF,2015-16,Sales Invoice,9,1474,08/28/15,ZENITH COATERS,1,MAINTENCE CHARGES,,0.0,0.0,8000.0,0.0,0.0,0.0,0.0,8000.0,ZENITH COATERS MAINTENCE CHARGES
REF,2015-16,Sales Invoice,9,1475,09/03/15,AKAL SPRING LTD.,1,CONVEYOR SPARE PARTS,,0.0,0.0,3500.0,0.0,0.0,0.0,0.0,3712.0,AKAL SPRING LTD. CONVEYOR SPARE PARTS
REF,2015-16,Purchase Bill,2,92,04/04/15,ORIGINATIV SOLUTIONS NETWORK PVT.LTD.,1,PANEL ACCESSORIES,,0.0,0.0,4400.0,0.0,0.0,0.0,0.0,5029.0,ORIGINATIV SOLUTIONS NETWORK PVT.LTD. PANEL ACCESSORIES
REF,2015-16,Purchase Bill,2,2518,04/06/15,"SHIVA ENGINEERING CO,",1,MOTOR 2 HP 1440 RPM,,1.0,5620.0,5620.0,0.0,0.0,0.0,0.0,6424.0,"SHIVA ENGINEERING CO, MOTOR 2 HP 1440 RPM"
REF,2015-16,Purchase Bill,2,3332,04/11/15,SHREE KRISHANA STEEL TRADERS,1,IRON & STEEL,,77.0,48.5065,3735.0,0.0,0.0,0.0,0.0,3899.0,SHREE KRISHANA STEEL TRADERS IRON & STEEL
REF,2015-16,Purchase Bill,2,124,04/13/15,BITLA STEEL SALES CORPORATION,1,IRON & STEEL,,932.0,40.5,37746.0,0.0,0.0,0.0,0.0,39283.0,BITLA STEEL SALES CORPORATION IRON & STEEL
REF,2015-16,Purchase Bill,2,134,04/13/15,JUNEJA IRON STORE,1,IRON & STEEL,,179.4,40.0,7176.0,0.0,0.0,0.0,0.0,8630.0,JUNEJA IRON STORE IRON & STEEL
REF,2015-16,Purchase Bill,2,134,04/13/15,JUNEJA IRON STORE,2,M.S.PIPE,,26.2,42.5191,1114.0,0.0,0.0,0.0,0.0,8630.0,JUNEJA IRON STORE M.S.PIPE
REF,2015-16,Purchase Bill,2,120,04/30/15,ORIGINATIV SOLUTIONS NETWORK PVT.LTD.,1,MOTOR 1 HP 1500 RPM FM,,0.0,0.0,4400.0,0.0,0.0,0.0,0.0,5029.0,ORIGINATIV SOLUTIONS NETWORK PVT.LTD. MOTOR 1 HP 1500 RPM FM
REF,2015-16,Purchase Bill,2,2616,04/29/15,"SHIVA ENGINEERING CO,",1,GEAR BOX A-337,,0.0,0.0,13900.0,0.0,0.0,0.0,0.0,14741.0,"SHIVA ENGINEERING CO, GEAR BOX A-337"
REF,2015-16,Purchase Bill,2,95,04/22/15,LAJ COLOR LEAF PRIVATE LIMITED,1,IRON & STEEL,,155.0,67.0,10385.0,0.0,0.0,0.0,0.0,10784.0,LAJ COLOR LEAF PRIVATE LIMITED IRON & STEEL
REF,2015-16,Purchase Bill,2,2617,04/29/15,"SHIVA ENGINEERING CO,",1,MOTOR 2 HP 1440 RPM,,2.0,5618.0,11236.0,0.0,0.0,0.0,0.0,12843.0,"SHIVA ENGINEERING CO, MOTOR 2 HP 1440 RPM"
REF,2015-16,Purchase Bill,2,104,04/29/15,SAJJAN SINGH INDERJIT SINGH,1,IRON & STEEL,,194.7,41.0015,7983.0,0.0,0.0,0.0,0.0,8430.0,SAJJAN SINGH INDERJIT SINGH IRON & STEEL
REF,2015-16,Purchase Bill,2,656,05/02/15,SAKSHI STEEL TRADERS,1,IRON & STEEL,,0.0,0.0,272.0,0.0,0.0,0.0,0.0,283.0,SAKSHI STEEL TRADERS IRON & STEEL
REF,2015-16,Purchase Bill,2,124.,05/04/15,ORIGINATIV SOLUTIONS NETWORK PVT.LTD.,1,PANEL ACCESSORIES,,0.0,0.0,19499.0,0.0,0.0,0.0,0.0,22288.0,ORIGINATIV SOLUTIONS NETWORK PVT.LTD. PANEL ACCESSORIES
REF,2015-16,Purchase Bill,2,3371,05/02/15,SHREE KRISHANA STEEL TRADERS,1,IRON & STEEL,,156.0,47.5,7410.0,0.0,0.0,0.0,0.0,7735.0,SHREE KRISHANA STEEL TRADERS IRON & STEEL
REF,2015-16,Purchase Bill,2,61,05/04/15,SHREE BALAJI ENTERPRISES,1,CONVEYOR BELT,,0.0,0.0,20500.0,0.0,0.0,0.0,0.0,21740.0,SHREE BALAJI ENTERPRISES CONVEYOR BELT
REF,2015-16,Purchase Bill,2,117,05/02/15,SAJJAN SINGH INDERJIT SINGH,1,IRON & STEEL,,90.0,41.0,3690.0,0.0,0.0,0.0,0.0,3912.0,SAJJAN SINGH INDERJIT SINGH IRON & STEEL
REF,2015-16,Purchase Bill,2,3385,05/07/15,SHREE KRISHANA STEEL TRADERS,2,IRON & STEEL,,228.0,45.5,10374.0,0.0,0.0,0.0,0.0,18772.0,SHREE KRISHANA STEEL TRADERS IRON & STEEL
REF,2015-16,Purchase Bill,2,2650,05/09/15,"SHIVA ENGINEERING CO,",1,MOTOR 3 HP 1440 RPM,,0.0,0.0,7450.0,0.0,0.0,0.0,0.0,8516.0,"SHIVA ENGINEERING CO, MOTOR 3 HP 1440 RPM"
REF,2015-16,Purchase Bill,2,24,05/20/15,SPEED SYSTEMS,1,REDUCTION GEAR BOX,,0.0,0.0,31410.0,0.0,0.0,0.0,0.0,33311.0,SPEED SYSTEMS REDUCTION GEAR BOX
REF,2015-16,Purchase Bill,2,3400,05/16/15,SHREE KRISHANA STEEL TRADERS,1,IRON & STEEL,,109.0,46.0,5014.0,0.0,0.0,0.0,0.0,5307.0,SHREE KRISHANA STEEL TRADERS IRON & STEEL
REF,2015-16,Purchase Bill,2,423,05/22/15,DEE ESS TRADERS,1,BALL BEARINGS,,0.0,0.0,1680.0,0.0,0.0,0.0,0.0,1781.0,DEE ESS TRADERS BALL BEARINGS
REF,2015-16,Purchase Bill,2,3419,05/25/15,SHREE KRISHANA STEEL TRADERS,2,IRON & STEEL,,120.0,51.0,6120.0,0.0,0.0,0.0,0.0,17598.0,SHREE KRISHANA STEEL TRADERS IRON & STEEL
REF,2015-16,Purchase Bill,2,3419,05/25/15,SHREE KRISHANA STEEL TRADERS,3,IRON & STEEL,,16.0,46.0,736.0,0.0,0.0,0.0,0.0,17598.0,SHREE KRISHANA STEEL TRADERS IRON & STEEL
REF,2015-16,Purchase Bill,2,702,06/01/15,SAKSHI STEEL TRADERS,1,IRON & STEEL,,0.0,0.0,618.0,0.0,0.0,0.0,0.0,642.0,SAKSHI STEEL TRADERS IRON & STEEL
REF,2015-16,Purchase Bill,2,32,05/30/15,SPEED SYSTEMS,1,REDUCTION GEAR BOX,,0.0,0.0,23760.0,0.0,0.0,0.0,0.0,25198.0,SPEED SYSTEMS REDUCTION GEAR BOX
REF,2015-16,Purchase Bill,2,705,06/02/15,SAKSHI STEEL TRADERS,1,IRON & STEEL,,0.0,0.0,265.0,0.0,0.0,0.0,0.0,275.0,SAKSHI STEEL TRADERS IRON & STEEL
REF,2015-16,Purchase Bill,2,708,06/02/15,SAKSHI STEEL TRADERS,1,IRON & STEEL,,0.0,0.0,528.0,0.0,0.0,0.0,0.0,548.0,SAKSHI STEEL TRADERS IRON & STEEL
REF,2015-16,Purchase Bill,2,633,06/08/15,JUNEJA IRON STORE,1,IRON & STEEL,,0.0,0.0,30989.0,0.0,0.0,0.0,0.0,32685.0,JUNEJA IRON STORE IRON & STEEL
REF,2015-16,Purchase Bill,2,020,06/06/15,JADE ELEVATOR COMPONENTS,1,IRON & STEEL,,0.0,0.0,14681.0,0.0,0.0,0.0,0.0,14681.0,JADE ELEVATOR COMPONENTS IRON & STEEL
REF,2015-16,Purchase Bill,2,4038,06/09/15,HARKRISHAN INDUSTRIES,1,IRON & STEEL,,0.0,0.0,11960.0,0.0,0.0,0.0,0.0,12470.0,HARKRISHAN INDUSTRIES IRON & STEEL
REF,2015-16,Purchase Bill,2,3466,06/17/15,SHREE KRISHANA STEEL TRADERS,1,IRON & STEEL,,0.0,0.0,13645.0,0.0,0.0,0.0,0.0,14220.0,SHREE KRISHANA STEEL TRADERS IRON & STEEL
REF,2015-16,Purchase Bill,2,3486,06/27/15,SHREE KRISHANA STEEL TRADERS,1,IRON & STEEL,,4775.0,42.2,201505.0,0.0,0.0,0.0,0.0,209663.0,SHREE KRISHANA STEEL TRADERS IRON & STEEL
REF,2015-16,Purchase Bill,2,116,06/29/15,BANSAL STEEL SALES CORPORATION,1,IRON & STEEL,,0.0,0.0,9824.0,0.0,0.0,0.0,0.0,10602.0,BANSAL STEEL SALES CORPORATION IRON & STEEL
REF,2015-16,Purchase Bill,2,754,07/01/15,SAKSHI STEEL TRADERS,1,IRON & STEEL,,0.0,0.0,480.0,0.0,0.0,0.0,0.0,499.0,SAKSHI STEEL TRADERS IRON & STEEL
REF,2015-16,Purchase Bill,2,42,06/19/15,SPEED SYSTEMS,1,REDUCTION GEAR BOX,,1.0,36900.0,36900.0,0.0,0.0,0.0,0.0,72443.0,SPEED SYSTEMS REDUCTION GEAR BOX
REF,2015-16,Purchase Bill,2,42,06/19/15,SPEED SYSTEMS,2,REDUCTION GEAR BOX,,0.0,0.0,31410.0,0.0,0.0,0.0,0.0,72443.0,SPEED SYSTEMS REDUCTION GEAR BOX
REF,2015-16,Purchase Bill,2,165,06/22/15,B.R.TOOLS,1,ROLLER BUSH & PIN,,1010.0,52.0,52520.0,0.0,0.0,0.0,0.0,55697.0,B.R.TOOLS ROLLER BUSH & PIN
REF,2015-16,Purchase Bill,2,304,06/25/15,RAMAN STEELS,1,M.S.PIPE,,38.1,60.0,2286.0,0.0,0.0,0.0,0.0,2584.0,RAMAN STEELS M.S.PIPE
REF,2015-16,Purchase Bill,2,835,06/25/15,JUNEJA IRON STORE,1,M.S.PIPE,,23.4,43.5043,1018.0,0.0,0.0,0.0,0.0,1065.0,JUNEJA IRON STORE M.S.PIPE
REF,2015-16,Purchase Bill,2,167,06/24/15,ORIGINATIV SOLUTIONS NETWORK PVT.LTD.,1,PANEL ACCESSORIES,,0.0,0.0,19365.0,0.0,0.0,0.0,0.0,22134.0,ORIGINATIV SOLUTIONS NETWORK PVT.LTD. PANEL ACCESSORIES
REF,2015-16,Purchase Bill,2,747,06/26/15,SAKSHI STEEL TRADERS,1,IRON & STEEL,,0.0,0.0,5604.0,0.0,0.0,0.0,0.0,5820.0,SAKSHI STEEL TRADERS IRON & STEEL
REF,2015-16,Purchase Bill,2,597,06/29/15,HARLEEN INDUSTRIES,1,AXLE PIN,,2880.0,8.6,24768.0,0.0,0.0,0.0,0.0,26267.0,HARLEEN INDUSTRIES AXLE PIN
REF,2015-16,Purchase Bill,2,3493,07/01/15,SHREE KRISHANA STEEL TRADERS,1,IRON & STEEL,,280.0,42.5,11900.0,0.0,0.0,0.0,0.0,12758.0,SHREE KRISHANA STEEL TRADERS IRON & STEEL
REF,2015-16,Purchase Bill,2,3519,07/14/15,SHREE KRISHANA STEEL TRADERS,1,IRON & STEEL,,0.0,0.0,9932.0,0.0,0.0,0.0,0.0,10365.0,SHREE KRISHANA STEEL TRADERS IRON & STEEL
REF,2015-16,Purchase Bill,2,2938,07/17/15,"SHIVA ENGINEERING CO,",1,MOTOR 2 HP 1440 RPM,,0.0,0.0,5618.0,0.0,0.0,0.0,0.0,15209.0,"SHIVA ENGINEERING CO, MOTOR 2 HP 1440 RPM"
REF,2015-16,Purchase Bill,2,2938,07/17/15,"SHIVA ENGINEERING CO,",2,MOTOR 2 HP 960 RPM,,0.0,0.0,7688.0,0.0,0.0,0.0,0.0,15209.0,"SHIVA ENGINEERING CO, MOTOR 2 HP 960 RPM"
REF,2015-16,Purchase Bill,2,3536,07/22/15,SHREE KRISHANA STEEL TRADERS,1,IRON & STEEL,,0.0,0.0,20813.0,0.0,0.0,0.0,0.0,21914.0,SHREE KRISHANA STEEL TRADERS IRON & STEEL
REF,2015-16,Purchase Bill,2,344,09/08/15,BAWA ELECTRICAL CONTROL PANEL,1,PANEL ACCESSORIES,,0.0,0.0,35000.0,0.0,0.0,0.0,0.0,37118.0,BAWA ELECTRICAL CONTROL PANEL PANEL ACCESSORIES
REF,2015-16,Purchase Bill,2,755,07/02/15,SAKSHI STEEL TRADERS,1,IRON & STEEL,,0.0,0.0,1030.0,0.0,0.0,0.0,0.0,1070.0,SAKSHI STEEL TRADERS IRON & STEEL
REF,2015-16,Purchase Bill,2,761,07/08/15,SAKSHI STEEL TRADERS,1,IRON & STEEL,,0.0,0.0,1208.0,0.0,0.0,0.0,0.0,1255.0,SAKSHI STEEL TRADERS IRON & STEEL
REF,2015-16,Purchase Bill,2,39,07/11/15,INDIAN CRANE SYSTEM,1,CHAIN BULLOCL CAP.5 TON,,1.0,14000.0,14000.0,0.0,0.0,0.0,0.0,14847.0,INDIAN CRANE SYSTEM CHAIN BULLOCL CAP.5 TON
REF,2015-16,Purchase Bill,2,167,06/29/15,B.R.TOOLS,1,ROLLER BUSH & PIN,,0.0,0.0,56000.0,0.0,0.0,0.0,0.0,59388.0,B.R.TOOLS ROLLER BUSH & PIN
REF,2015-16,Purchase Bill,2,204,06/30/15,SINGLA HARDWARE & MILL STORE,1,CARBICK TOOLS,,0.0,0.0,3860.0,0.0,0.0,0.0,0.0,4094.0,SINGLA HARDWARE & MILL STORE CARBICK TOOLS
REF,2015-16,Purchase Bill,2,198,06/27/15,SINGLA HARDWARE & MILL STORE,1,HARDWARE GOODS,,0.0,0.0,42700.0,0.0,0.0,0.0,0.0,45283.0,SINGLA HARDWARE & MILL STORE HARDWARE GOODS
REF,2015-16,Purchase Bill,2,175,06/20/15,SINGLA HARDWARE & MILL STORE,1,HARDWARE GOODS,,0.0,0.0,26960.0,0.0,0.0,0.0,0.0,28590.0,SINGLA HARDWARE & MILL STORE HARDWARE GOODS
REF,2015-16,Purchase Bill,2,174,06/18/15,SINGLA HARDWARE & MILL STORE,1,HARDWARE GOODS,,0.0,0.0,43150.0,0.0,0.0,0.0,0.0,45760.0,SINGLA HARDWARE & MILL STORE HARDWARE GOODS
REF,2015-16,Purchase Bill,2,45,04/17/15,SINGLA HARDWARE & MILL STORE,1,HARDWARE GOODS,,0.0,0.0,98950.0,0.0,0.0,0.0,0.0,104937.0,SINGLA HARDWARE & MILL STORE HARDWARE GOODS
REF,2015-16,Purchase Bill,2,803,06/25/15,JOGA SINGH & CO.,1,CC SHEETS,,0.0,0.0,110024.0,0.0,0.0,0.0,0.0,116681.0,JOGA SINGH & CO. CC SHEETS
REF,2015-16,Purchase Bill,2,802,07/11/15,JOGA SINGH & CO.,1,CC SHEETS,,0.0,0.0,134640.0,0.0,0.0,0.0,0.0,142786.0,JOGA SINGH & CO. CC SHEETS
REF,2015-16,Purchase Bill,2,1000,07/14/15,JUNEJA IRON STORE,1,IRON & STEEL,,0.0,0.0,165020.0,0.0,0.0,0.0,0.0,173500.0,JUNEJA IRON STORE IRON & STEEL
REF,2015-16,Purchase Bill,2,778,07/23/15,SAKSHI STEEL TRADERS,1,IRON & STEEL,,0.0,0.0,1006.0,0.0,0.0,0.0,0.0,1045.0,SAKSHI STEEL TRADERS IRON & STEEL
REF,2015-16,Purchase Bill,2,245,08/08/15,ORIGINATIV SOLUTIONS NETWORK PVT.LTD.,1,PANEL ACCESSORIES,,0.0,0.0,7966.0,0.0,0.0,0.0,0.0,9105.0,ORIGINATIV SOLUTIONS NETWORK PVT.LTD. PANEL ACCESSORIES
REF,2015-16,Purchase Bill,2,1175,08/27/15,SHARP LUB SYSTEMS,1,OIL MIST LUBRICATION,,0.0,0.0,30580.0,0.0,0.0,0.0,0.0,30580.0,SHARP LUB SYSTEMS OIL MIST LUBRICATION
REF,2015-16,Purchase Bill,2,832,08/28/15,SAKSHI STEEL TRADERS,1,IRON & STEEL,,0.0,0.0,3386.0,0.0,0.0,0.0,0.0,3516.0,SAKSHI STEEL TRADERS IRON & STEEL
REF,2015-16,Purchase Bill,2,83,09/05/15,SPEED SYSTEMS,1,REDUCTION GEAR BOX,,0.0,0.0,2250.0,0.0,0.0,0.0,0.0,2386.0,SPEED SYSTEMS REDUCTION GEAR BOX
REF,2015-16,Purchase Bill,2,3165,09/10/15,"SHIVA ENGINEERING CO,",1,MOTOR 3 HP 1440 RPM,,0.0,0.0,7450.0,0.0,0.0,0.0,0.0,8516.0,"SHIVA ENGINEERING CO, MOTOR 3 HP 1440 RPM"
REF,2015-16,Purchase Bill,2,1448,09/10/15,DEE ESS TRADERS,1,BALL BEARINGS,,0.0,0.0,2370.0,0.0,0.0,0.0,0.0,2513.0,DEE ESS TRADERS BALL BEARINGS
REF,2015-16,Purchase Bill,2,89,09/11/15,SPEED SYSTEMS,1,MACHINERY PARTS,,0.0,0.0,2800.0,0.0,0.0,0.0,0.0,2969.0,SPEED SYSTEMS MACHINERY PARTS
REF,2015-16,Purchase Bill,2,380,09/09/15,SINGLA HARDWARE & MILL STORE,1,HARDWARE GOODS,,0.0,0.0,1780.0,0.0,0.0,0.0,0.0,1887.0,SINGLA HARDWARE & MILL STORE HARDWARE GOODS
REF,2015-16,Purchase Bill,2,3187,09/15/15,"SHIVA ENGINEERING CO,",1,MOTOR 3 HP 1440 RPM,,0.0,0.0,7450.0,0.0,0.0,0.0,0.0,8516.0,"SHIVA ENGINEERING CO, MOTOR 3 HP 1440 RPM"
REF,2015-16,Purchase Bill,2,857,09/16/15,SAKSHI STEEL TRADERS,1,IRON & STEEL,,0.0,0.0,1545.0,0.0,0.0,0.0,0.0,1606.0,SAKSHI STEEL TRADERS IRON & STEEL
REF,2015-16,Purchase Bill,2,25,09/17/15,MAHAJAN & COMPANY,1,MACHINERY PARTS,,0.0,0.0,27860.0,0.0,0.0,0.0,0.0,29546.0,MAHAJAN & COMPANY MACHINERY PARTS
REF,2015-16,Purchase Bill,2,1607,09/17/15,JUNEJA IRON STORE,1,IRON & STEEL,,0.0,0.0,27067.0,0.0,0.0,0.0,0.0,28680.0,JUNEJA IRON STORE IRON & STEEL
REF,2015-16,Sales Invoice,9,1476,09/15/15,KOMAL METAL WORKS (REGD.),1,"BIND 90""",,9.0,6000.0,54000.0,0.0,0.0,0.0,0.0,74766.0,"KOMAL METAL WORKS (REGD.) BIND 90"""
REF,2015-16,Sales Invoice,9,1476,09/15/15,KOMAL METAL WORKS (REGD.),3,DRIVE TRUCK,,2.0,2000.0,4000.0,0.0,0.0,0.0,0.0,74766.0,KOMAL METAL WORKS (REGD.) DRIVE TRUCK
REF,2015-16,Sales Invoice,9,1476,09/15/15,KOMAL METAL WORKS (REGD.),4,TAKE UP UNIT,,1.0,8000.0,8000.0,0.0,0.0,0.0,0.0,74766.0,KOMAL METAL WORKS (REGD.) TAKE UP UNIT
REF,2015-16,Sales Invoice,9,1476,09/15/15,KOMAL METAL WORKS (REGD.),5,BLOCK,,10.0,100.0,1000.0,0.0,0.0,0.0,0.0,74766.0,KOMAL METAL WORKS (REGD.) BLOCK
REF,2015-16,Purchase Bill,2,1045,08/27/15,KRISHNA STEEL INDUSTRIES,1,IRON & STEEL,,1560.7,48.0003,74914.0,0.0,0.0,0.0,0.0,77998.0,KRISHNA STEEL INDUSTRIES IRON & STEEL
REF,2015-16,Purchase Bill,2,1044,08/25/15,KRISHNA STEEL INDUSTRIES,1,IRON & STEEL,,1672.8,47.9998,80294.0,0.0,0.0,0.0,0.0,83585.0,KRISHNA STEEL INDUSTRIES IRON & STEEL
REF,2015-16,Purchase Bill,2,3692,09/23/15,SHREE KRISHANA STEEL TRADERS,1,IRON & STEEL,,1930.0,42.0,81060.0,0.0,0.0,0.0,0.0,84380.0,SHREE KRISHANA STEEL TRADERS IRON & STEEL
REF,2015-16,Purchase Bill,2,3693,09/24/15,SHREE KRISHANA STEEL TRADERS,1,IRON & STEEL,,2945.0,42.8,126046.0,0.0,0.0,0.0,0.0,131199.0,SHREE KRISHANA STEEL TRADERS IRON & STEEL
REF,2015-16,Purchase Bill,2,183,09/08/15,B.R.TOOLS,1,STEEL HANGER PLATE,,1500.0,32.0,48000.0,0.0,0.0,0.0,0.0,50904.0,B.R.TOOLS STEEL HANGER PLATE
REF,2015-16,Purchase Bill,2,271,08/27/15,ORIGINATIV SOLUTIONS NETWORK PVT.LTD.,1,PANEL ACCESSORIES,,0.0,0.0,6400.0,0.0,0.0,0.0,0.0,7315.0,ORIGINATIV SOLUTIONS NETWORK PVT.LTD. PANEL ACCESSORIES
REF,2015-16,Sales Invoice,9,254,08/04/15,AVON CYCLES LIMITED (HAZIPUR),1,MTB CONVEYOR,,0.0,0.0,360000.0,0.0,0.0,0.0,0.0,487560.0,AVON CYCLES LIMITED (HAZIPUR) MTB CONVEYOR
REF,2015-16,Sales Invoice,9,254,08/04/15,AVON CYCLES LIMITED (HAZIPUR),2,DURM UNIT COMPLETE,,0.0,0.0,118000.0,0.0,0.0,0.0,0.0,487560.0,AVON CYCLES LIMITED (HAZIPUR) DURM UNIT COMPLETE
REF,2015-16,Sales Invoice,9,255,08/04/15,AVON CYCLES LIMITED (HAZIPUR),1,SLOT CONVEYOR,,0.0,0.0,180000.0,0.0,0.0,0.0,0.0,183600.0,AVON CYCLES LIMITED (HAZIPUR) SLOT CONVEYOR
REF,2015-16,Purchase Bill,2,587,07/01/15,INDIAN CRANE SYSTEM,1,ELECTRICAL WIRE ROPE HOIST CAP.1 TON,,1.0,56000.0,56000.0,0.0,0.0,0.0,0.0,59388.0,INDIAN CRANE SYSTEM ELECTRICAL WIRE ROPE HOIST CAP.1 TON
REF,2015-16,Purchase Bill,2,153,09/03/15,K.P.GLOBAL TECHNOSOFT PVT.LTD,1,BUSY ACCOUNTING SOFTWARE,,0.0,0.0,5941.0,0.0,0.0,0.0,0.0,6300.0,K.P.GLOBAL TECHNOSOFT PVT.LTD BUSY ACCOUNTING SOFTWARE
REF,2015-16,Purchase Bill,2,1604,09/17/15,JUNEJA IRON STORE,1,IRON & STEEL,,0.0,0.0,31080.0,0.0,0.0,0.0,0.0,32610.0,JUNEJA IRON STORE IRON & STEEL
REF,2015-16,Purchase Bill,2,1744,10/01/15,JUNEJA IRON STORE,1,IRON & STEEL,,0.0,0.0,4477.0,0.0,0.0,0.0,0.0,4800.0,JUNEJA IRON STORE IRON & STEEL
REF,2015-16,Sales Invoice,9,256,09/29/15,MEENAKSHI POLYMER PVT.LTD,2,BRACKET FOR CONVEYOR,,10.0,150.0,1500.0,0.0,0.0,0.0,0.0,16830.0,MEENAKSHI POLYMER PVT.LTD BRACKET FOR CONVEYOR
REF,2015-16,Sales Invoice,9,1477,09/26/15,SPEEDWAYS RUBBER CO.,1,HAND CHAIN,,0.0,0.0,1800.0,0.0,0.0,0.0,0.0,1909.0,SPEEDWAYS RUBBER CO. HAND CHAIN
REF,2015-16,Purchase Bill,2,186,09/15/15,B.R.TOOLS,1,ROLLER BUSH & PIN,,1650.0,32.0,52800.0,0.0,0.0,0.0,0.0,55994.0,B.R.TOOLS ROLLER BUSH & PIN
REF,2015-16,Purchase Bill,2,922,10/07/15,PRESS CRAFT,1,REPAIR,,0.0,0.0,12173.0,0.0,0.0,0.0,0.0,12467.0,PRESS CRAFT REPAIR
REF,2015-16,Purchase Bill,2,912,10/06/15,SAKSHI STEEL TRADERS,1,IRON & STEEL,,0.0,0.0,3136.0,0.0,0.0,0.0,0.0,3257.0,SAKSHI STEEL TRADERS IRON & STEEL
REF,2015-16,Purchase Bill,2,425,09/25/15,SINGLA HARDWARE & MILL STORE,1,HARDWARE GOODS,,0.0,0.0,93860.0,0.0,0.0,0.0,0.0,99540.0,SINGLA HARDWARE & MILL STORE HARDWARE GOODS
REF,2015-16,Purchase Bill,2,347,08/28/15,SINGLA HARDWARE & MILL STORE,1,HARDWARE GOODS,,0.0,0.0,79105.0,0.0,0.0,0.0,0.0,83890.0,SINGLA HARDWARE & MILL STORE HARDWARE GOODS
REF,2015-16,Purchase Bill,2,298,08/10/15,SINGLA HARDWARE & MILL STORE,1,HARDWARE GOODS,,0.0,0.0,82250.0,0.0,0.0,0.0,0.0,87225.0,SINGLA HARDWARE & MILL STORE HARDWARE GOODS
REF,2015-16,Purchase Bill,2,796,10/08/15,H.S.METALS (INDIA),1,REPAIR,,0.0,0.0,4071.0,0.0,0.0,0.0,0.0,4219.0,H.S.METALS (INDIA) REPAIR
REF,2015-16,Purchase Bill,2,3732,10/09/15,SHREE KRISHANA STEEL TRADERS,1,IRON & STEEL,,0.0,0.0,46408.0,0.0,0.0,0.0,0.0,48895.0,SHREE KRISHANA STEEL TRADERS IRON & STEEL
REF,2015-16,Purchase Bill,2,128,10/08/15,SEHGAL TOOLS CORPORATION,1,IRON & STEEL,,0.0,0.0,3420.0,0.0,0.0,0.0,0.0,3552.0,SEHGAL TOOLS CORPORATION IRON & STEEL
REF,2015-16,Purchase Bill,2,1593,09/22/15,DEE ESS TRADERS,1,BALL BEARINGS,,0.0,0.0,2370.0,0.0,0.0,0.0,0.0,2513.0,DEE ESS TRADERS BALL BEARINGS
REF,2015-16,Purchase Bill,2,28,09/22/15,LUXMI ENTERPRISES,1,IRON & STEEL,,0.0,0.0,8988.0,0.0,0.0,0.0,0.0,9334.0,LUXMI ENTERPRISES IRON & STEEL
REF,2015-16,Purchase Bill,2,415,09/22/15,SINGLA HARDWARE & MILL STORE,1,HARDWARE GOODS,,0.0,0.0,3270.0,0.0,0.0,0.0,0.0,3467.0,SINGLA HARDWARE & MILL STORE HARDWARE GOODS
REF,2015-16,Purchase Bill,2,8975,09/25/15,UJJAL SINGH & CO.,1,HARDWARE GOODS,,0.0,0.0,820.0,0.0,0.0,0.0,0.0,870.0,UJJAL SINGH & CO. HARDWARE GOODS
REF,2015-16,Purchase Bill,2,884,09/26/15,SAKSHI STEEL TRADERS,1,IRON & STEEL,,0.0,0.0,80099.0,0.0,0.0,0.0,0.0,83183.0,SAKSHI STEEL TRADERS IRON & STEEL
REF,2015-16,Purchase Bill,2,883,09/25/15,SAKSHI STEEL TRADERS,1,IRON & STEEL,,0.0,0.0,78315.0,0.0,0.0,0.0,0.0,81330.0,SAKSHI STEEL TRADERS IRON & STEEL
REF,2015-16,Purchase Bill,2,73,09/26/15,INDIAN CRANE SYSTEM,1,HAND CHAIN,,0.0,0.0,780.0,0.0,0.0,0.0,0.0,827.0,INDIAN CRANE SYSTEM HAND CHAIN
REF,2015-16,Sales Invoice,9,257,10/08/15,AVON CYCLES LIMITED (HAZIPUR),1,OIL MIST LUBRICATION,,0.0,0.0,32000.0,0.0,0.0,0.0,0.0,32640.0,AVON CYCLES LIMITED (HAZIPUR) OIL MIST LUBRICATION
REF,2015-16,Sales Invoice,9,258,10/08/15,MEENAKSHI POLYMER PVT.LTD,1,REPAIR,,0.0,0.0,87550.0,0.0,0.0,0.0,0.0,87550.0,MEENAKSHI POLYMER PVT.LTD REPAIR
REF,2015-16,Sales Invoice,9,1478,10/03/15,KOMAL METAL WORKS (REGD.),1,REPAIR,,0.0,0.0,40000.0,0.0,0.0,0.0,0.0,40000.0,KOMAL METAL WORKS (REGD.) REPAIR
REF,2015-16,Sales Invoice,9,1479,10/03/15,AVON ISPAT & POWER LIMITED,1,FOUR WHEEL TYPE OVERHEAD CONVEYOR,,0.0,0.0,100000.0,0.0,0.0,0.0,0.0,106050.0,AVON ISPAT & POWER LIMITED FOUR WHEEL TYPE OVERHEAD CONVEYOR
REF,2015-16,Sales Invoice,9,1480,10/06/15,AKAL SPRING LTD.,1,DOG CHAIN,,0.0,0.0,3500.0,0.0,0.0,0.0,0.0,3711.0,AKAL SPRING LTD. DOG CHAIN
REF,2015-16,Purchase Bill,2,132,10/26/15,SEHGAL TOOLS CORPORATION,1,IRON & STEEL,,0.0,0.0,1850.0,0.0,0.0,0.0,0.0,1922.0,SEHGAL TOOLS CORPORATION IRON & STEEL
REF,2015-16,Purchase Bill,2,3783,10/28/15,SHREE KRISHANA STEEL TRADERS,1,IRON & STEEL,,0.0,0.0,9030.0,0.0,0.0,0.0,0.0,9628.0,SHREE KRISHANA STEEL TRADERS IRON & STEEL
REF,2015-16,Purchase Bill,2,882,09/24/15,SAKSHI STEEL TRADERS,1,IRON & STEEL,,0.0,0.0,70441.0,0.0,0.0,0.0,0.0,73153.0,SAKSHI STEEL TRADERS IRON & STEEL
REF,2015-16,Sales Invoice,9,1482,10/13/15,AVON CYCLES LIMITED,1,FOUR WHEEL TYPE OVERHEAD CONVEYOR,,0.0,0.0,360000.0,0.0,0.0,0.0,0.0,506919.0,AVON CYCLES LIMITED FOUR WHEEL TYPE OVERHEAD CONVEYOR
REF,2015-16,Sales Invoice,9,1482,10/13/15,AVON CYCLES LIMITED,2,DRIVE,,0.0,0.0,118000.0,0.0,0.0,0.0,0.0,506919.0,AVON CYCLES LIMITED DRIVE
REF,2015-16,Sales Invoice,9,1483,10/17/15,GOVIND INDUSTRIES UNIT 2,1,WORM & WORM WHEEL,,0.0,0.0,8000.0,0.0,0.0,0.0,0.0,8484.0,GOVIND INDUSTRIES UNIT 2 WORM & WORM WHEEL
REF,2015-16,Purchase Bill,2,53,08/25/15,INDIAN CRANE SYSTEM,1,CHAIN BLOCK,,0.0,0.0,6365.0,0.0,0.0,0.0,0.0,6750.0,INDIAN CRANE SYSTEM CHAIN BLOCK
REF,2015-16,Purchase Bill,2,475,10/14/15,SINGLA HARDWARE & MILL STORE,1,HARDWARE GOODS,,0.0,0.0,1365.0,0.0,0.0,0.0,0.0,1445.0,SINGLA HARDWARE & MILL STORE HARDWARE GOODS
REF,2015-16,Purchase Bill,2,503,10/27/15,SINGLA HARDWARE & MILL STORE,1,HARDWARE GOODS,,0.0,0.0,4680.0,0.0,0.0,0.0,0.0,4962.0,SINGLA HARDWARE & MILL STORE HARDWARE GOODS
REF,2015-16,Sales Invoice,9,1487,10/30/15,RAKA CYCLE INDUSTRIES REGD.,1,MAINTANCE CHARGES OF GOODS LIFT,,0.0,0.0,4500.0,0.0,0.0,0.0,0.0,4500.0,RAKA CYCLE INDUSTRIES REGD. MAINTANCE CHARGES OF GOODS LIFT
REF,2015-16,Purchase Bill,2,369,10/31/15,ORIGINATIV SOLUTIONS NETWORK PVT.LTD.,1,DRIVE,,0.0,0.0,19500.0,0.0,0.0,0.0,0.0,22289.0,ORIGINATIV SOLUTIONS NETWORK PVT.LTD. DRIVE
REF,2015-16,Purchase Bill,2,004,12/01/15,ADITAYA INDUSTRIAL EQUIPMENT,1,MACHINERY PARTS,,0.0,0.0,44880.0,0.0,0.0,0.0,0.0,44880.0,ADITAYA INDUSTRIAL EQUIPMENT MACHINERY PARTS
REF,2015-16,Purchase Bill,2,109,10/16/15,SPEED SYSTEMS,1,WORM & WORM WHEEL,,0.0,0.0,6750.0,0.0,0.0,0.0,0.0,7158.0,SPEED SYSTEMS WORM & WORM WHEEL
REF,2015-16,Sales Invoice,9,259,10/17/15,R.K.FOODLAND PVT.LTD.,1,REPAIR,,0.0,0.0,2000.0,0.0,0.0,0.0,0.0,2121.0,R.K.FOODLAND PVT.LTD. REPAIR
REF,2015-16,Sales Invoice,9,1484,10/21/15,PODDAR TYRE LIMITED.,1,CONVEYOR SPARE PARTS,,0.0,0.0,17250.0,0.0,0.0,0.0,0.0,18294.0,PODDAR TYRE LIMITED. CONVEYOR SPARE PARTS
REF,2015-16,Sales Invoice,9,1485,10/23/15,AVON CYCLES LIMITED,1,CONVEYOR SPARE PARTS,,0.0,0.0,32000.0,0.0,0.0,0.0,0.0,33936.0,AVON CYCLES LIMITED CONVEYOR SPARE PARTS
REF,2015-16,Sales Invoice,9,1486,10/23/15,AVON ISPAT & POWER LIMITED,1,CONVEYOR SPARE PARTS,,0.0,0.0,49560.0,0.0,0.0,0.0,0.0,78360.0,AVON ISPAT & POWER LIMITED CONVEYOR SPARE PARTS
REF,2015-16,Sales Invoice,9,1486,10/23/15,AVON ISPAT & POWER LIMITED,2,CONVEYOR SPARE PARTS,,0.0,0.0,28800.0,0.0,0.0,0.0,0.0,78360.0,AVON ISPAT & POWER LIMITED CONVEYOR SPARE PARTS
REF,2015-16,Purchase Bill,2,34,10/28/15,MAHAJAN & COMPANY,1,MACHINERY PARTS,,0.0,0.0,30900.0,0.0,0.0,0.0,0.0,32770.0,MAHAJAN & COMPANY MACHINERY PARTS
REF,2015-16,Purchase Bill,2,2289,12/05/15,JUNEJA IRON STORE,1,IRON & STEEL,,0.0,0.0,1840.0,0.0,0.0,0.0,0.0,1935.0,JUNEJA IRON STORE IRON & STEEL
REF,2015-16,Purchase Bill,2,197,11/24/15,B.R.TOOLS,2,ROLLER BUSH & PIN,,1500.0,24.0,36000.0,0.0,0.0,0.0,0.0,74765.0,B.R.TOOLS ROLLER BUSH & PIN
REF,2015-16,Purchase Bill,2,197,11/24/15,B.R.TOOLS,3,AXLE PIN,,1000.0,12.0,12000.0,0.0,0.0,0.0,0.0,74765.0,B.R.TOOLS AXLE PIN
REF,2015-16,Purchase Bill,2,965,12/15/15,JUNEJA STEEL SALES,1,IRON & STEEL,,0.0,0.0,91510.0,0.0,0.0,0.0,0.0,95033.0,JUNEJA STEEL SALES IRON & STEEL
REF,2015-16,Purchase Bill,2,3867,12/15/15,SHREE KRISHANA STEEL TRADERS,1,IRON & STEEL,,0.0,0.0,4704.0,0.0,0.0,0.0,0.0,4905.0,SHREE KRISHANA STEEL TRADERS IRON & STEEL
REF,2015-16,Purchase Bill,2,2434,12/23/15,JUNEJA IRON STORE,1,IRON & STEEL,,0.0,0.0,41720.0,0.0,0.0,0.0,0.0,44030.0,JUNEJA IRON STORE IRON & STEEL
REF,2015-16,Purchase Bill,2,658,12/28/15,PUJA SALES CORPORATION,1,IRON & STEEL,,0.0,0.0,6840.0,0.0,0.0,0.0,0.0,7109.0,PUJA SALES CORPORATION IRON & STEEL
REF,2015-16,Purchase Bill,2,1930,01/08/16,GODAN ENGINEERING WORKS,1,REDUCTION GEAR BOX,,0.0,0.0,19500.0,0.0,0.0,0.0,0.0,20680.0,GODAN ENGINEERING WORKS REDUCTION GEAR BOX
REF,2015-16,Sales Invoice,9,1491,01/07/16,KULAR RIMS INDIA,1,MAINTENCE CHARGES,,0.0,0.0,1500.0,0.0,0.0,0.0,0.0,1500.0,KULAR RIMS INDIA MAINTENCE CHARGES
REF,2015-16,Sales Invoice,9,1493,01/07/16,KULAR RIMS INDIA,1,"T-IRON 30"" SET",,1.0,750.0,750.0,0.0,0.0,0.0,0.0,796.0,"KULAR RIMS INDIA T-IRON 30"" SET"
REF,2015-16,Purchase Bill,2,1114,01/09/16,SAKSHI STEEL TRADERS,1,IRON & STEEL,,0.0,0.0,512.0,0.0,0.0,0.0,0.0,531.0,SAKSHI STEEL TRADERS IRON & STEEL
REF,2015-16,Purchase Bill,2,3934,01/09/16,SHREE KRISHANA STEEL TRADERS,1,IRON & STEEL,,0.0,0.0,3910.0,0.0,0.0,0.0,0.0,4081.0,SHREE KRISHANA STEEL TRADERS IRON & STEEL
REF,2015-16,Purchase Bill,2,1666,01/23/16,CHAUHAN PAINT & HARDWARE TRADERS (REGD),1,PANIT & PAINT MATERIAL,,0.0,0.0,1720.0,0.0,0.0,0.0,0.0,1824.0,CHAUHAN PAINT & HARDWARE TRADERS (REGD) PANIT & PAINT MATERIAL
REF,2015-16,Sales Invoice,9,1494,01/21/16,AVON CYCLES LIMITED,1,DISMANTLING AND RE ERECTIONS CHARGES O/H,,113.0,70.0,7910.0,0.0,0.0,0.0,0.0,24860.0,AVON CYCLES LIMITED DISMANTLING AND RE ERECTIONS CHARGES O/H
REF,2015-16,Sales Invoice,9,1494,01/21/16,AVON CYCLES LIMITED,2,RE ERECTION CHARGES,,113.0,150.0,16950.0,0.0,0.0,0.0,0.0,24860.0,AVON CYCLES LIMITED RE ERECTION CHARGES
REF,2015-16,Sales Invoice,9,1495,01/22/16,SPEEDWAYS RUBBER CO.,1,CHAIN BLOCK,,0.0,0.0,7500.0,0.0,0.0,0.0,0.0,13681.0,SPEEDWAYS RUBBER CO. CHAIN BLOCK
REF,2015-16,Sales Invoice,9,1495,01/22/16,SPEEDWAYS RUBBER CO.,2,MONO RAIL FOR CHAIN BLOCK 1 TON,,0.0,0.0,4500.0,0.0,0.0,0.0,0.0,13681.0,SPEEDWAYS RUBBER CO. MONO RAIL FOR CHAIN BLOCK 1 TON
REF,2015-16,Sales Invoice,9,1495,01/22/16,SPEEDWAYS RUBBER CO.,4,HAND CHAIN,,0.0,0.0,0.0,0.0,0.0,0.0,0.0,13681.0,SPEEDWAYS RUBBER CO. HAND CHAIN
REF,2015-16,Sales Invoice,9,1496,01/25/16,RALSON INDIA PVT. LIMITED,1,CONVEYOR WHEEL LINK,,0.0,0.0,500.0,0.0,0.0,0.0,0.0,531.0,RALSON INDIA PVT. LIMITED CONVEYOR WHEEL LINK
REF,2015-16,Sales Invoice,9,1497,01/28/16,SPEEDWAYS RUBBER CO.,1,CT WHEELS WITH PINION W/O BEARING SHAFT,,4.0,2000.0,8000.0,0.0,0.0,0.0,0.0,8484.0,SPEEDWAYS RUBBER CO. CT WHEELS WITH PINION W/O BEARING SHAFT
REF,2015-16,Sales Invoice,9,1498,01/29/16,RALSON INDIA PVT. LIMITED,1,DISMANTLING AND RE ERECTIONS CHARGES O/H,,0.0,0.0,24000.0,0.0,0.0,0.0,0.0,24000.0,RALSON INDIA PVT. LIMITED DISMANTLING AND RE ERECTIONS CHARGES O/H
REF,2015-16,Purchase Bill,2,534,01/28/16,ORIGINATIV SOLUTIONS NETWORK PVT.LTD.,1,PANEL ACCESSORIES,,0.0,0.0,9895.0,0.0,0.0,0.0,0.0,11310.0,ORIGINATIV SOLUTIONS NETWORK PVT.LTD. PANEL ACCESSORIES
REF,2015-16,Purchase Bill,2,1173,02/01/16,SAKSHI STEEL TRADERS,1,IRON & STEEL,,0.0,0.0,700.0,0.0,0.0,0.0,0.0,727.0,SAKSHI STEEL TRADERS IRON & STEEL
REF,2015-16,Purchase Bill,2,3990,02/04/16,SHREE KRISHANA STEEL TRADERS,1,IRON & STEEL,,0.0,0.0,1843.0,0.0,0.0,0.0,0.0,1944.0,SHREE KRISHANA STEEL TRADERS IRON & STEEL
REF,2015-16,Purchase Bill,2,1171,01/30/16,SAKSHI STEEL TRADERS,1,IRON & STEEL,,0.0,0.0,30080.0,0.0,0.0,0.0,0.0,31238.0,SAKSHI STEEL TRADERS IRON & STEEL
REF,2015-16,Purchase Bill,2,1143,01/23/16,SAKSHI STEEL TRADERS,1,IRON & STEEL,,0.0,0.0,40920.0,0.0,0.0,0.0,0.0,42495.0,SAKSHI STEEL TRADERS IRON & STEEL
REF,2015-16,Purchase Bill,2,1116,01/10/16,SAKSHI STEEL TRADERS,1,IRON & STEEL,,0.0,0.0,38434.0,0.0,0.0,0.0,0.0,39914.0,SAKSHI STEEL TRADERS IRON & STEEL
REF,2015-16,Purchase Bill,2,618,02/06/16,HARLEEN INDUSTRIES,1,ROLLER BUSH & PIN,,0.0,0.0,13041.0,0.0,0.0,0.0,0.0,13830.0,HARLEEN INDUSTRIES ROLLER BUSH & PIN
REF,2015-16,Sales Invoice,9,260,10/17/15,R.K.FOODLAND PVT.LTD.,1,REPAIR,,0.0,0.0,1600.0,0.0,0.0,0.0,0.0,1600.0,R.K.FOODLAND PVT.LTD. REPAIR
REF,2015-16,Purchase Bill,2,708.,10/23/15,T.S.FOUNDRY & WORKSHOP,1,CASTING,,0.0,0.0,1170.0,0.0,0.0,0.0,0.0,1215.0,T.S.FOUNDRY & WORKSHOP CASTING
REF,2015-16,Purchase Bill,2,1234,10/30/15,CHAUHAN PAINT & HARDWARE TRADERS (REGD),1,PANIT & PAINT MATERIAL,,0.0,0.0,3240.0,0.0,0.0,0.0,0.0,3679.0,CHAUHAN PAINT & HARDWARE TRADERS (REGD) PANIT & PAINT MATERIAL
REF,2015-16,Purchase Bill,2,1237,10/31/15,CHAUHAN PAINT & HARDWARE TRADERS (REGD),1,PANIT & PAINT MATERIAL,,0.0,0.0,2685.0,0.0,0.0,0.0,0.0,2847.0,CHAUHAN PAINT & HARDWARE TRADERS (REGD) PANIT & PAINT MATERIAL
REF,2015-16,Purchase Bill,2,V-2012,10/31/15,DEE ESS TRADERS,1,BALL BEARINGS,,0.0,0.0,460.0,0.0,0.0,0.0,0.0,488.0,DEE ESS TRADERS BALL BEARINGS
REF,2015-16,Purchase Bill,2,3380,11/06/15,"SHIVA ENGINEERING CO,",1,MOTOR 3 HP 1440 RPM,,0.0,0.0,7265.0,0.0,0.0,0.0,0.0,8303.0,"SHIVA ENGINEERING CO, MOTOR 3 HP 1440 RPM"
